date,deduc_type_rel_gross_43
2008Q1,0.080737028
2008Q2,0.143746548
2008Q3,0.088224123
2008Q4,0.078889968
2009Q1,0.13340649
2009Q2,0.11624427
2009Q3,0.063282192
2009Q4,0.117620772
2010Q1,0.13043131
2010Q2,0.034846359
2010Q3,0.073441601
2010Q4,0.103451572
2011Q1,0.091821126
2011Q2,0.201748222
2011Q3,0.065279927
2011Q4,0.080436547
2012Q1,0.132664353
2012Q2,0.085024298
2012Q3,0.111294535
2012Q4,0.148049336
2013Q1,0.077545677
2013Q2,0.137990053
2013Q3,0.08120946
2013Q4,0.126062925
2014Q1,0.165597818
2014Q2,0.140525996
2014Q3,0.109204015
2014Q4,0.104054198
2015Q1,0.072967811
2015Q2,0.086995414
2015Q3,0.087473831
2015Q4,0.102296869
2016Q1,0.118198165
2016Q2,0.068973444
2016Q3,0.05426972
2016Q4,0.092404943
2017Q1,0.084122078
2017Q2,0.055065628
2017Q3,0.048748631
2017Q4,0.057141236
2018Q1,0.062372545
2018Q2,0.08197822
2018Q3,0.070674817
2018Q4,0.079111396
2019Q1,0.091851134
2019Q2,0.063040842
2019Q3,0.061957182
2019Q4,0.036826609
2020Q1,0.040346819
2020Q2,0.044028492
2020Q3,0.077277622
2020Q4,0.073770963
2021Q1,0.070754086
2021Q2,0.082656978
2021Q3,0.074185027
2021Q4,0.063178442
2022Q1,0.055766001
2022Q2,0.026372664
2022Q3,0.044780149
2018Q4,0.064128694
2012Q2,0.007028016
2015Q3,1
2014Q3,0.005847267
2018Q1,0.012329906
2008Q1,0.594041056
2008Q2,0.499496788
2008Q3,0.602075319
2008Q4,0.429598989
2009Q1,0.433365844
2009Q2,0.352847483
2009Q3,0.380794528
2009Q4,0.400066963
2010Q1,0.360654768
2010Q2,0.337602896
2010Q3,0.305227913
2010Q4,0.311773455
2011Q1,0.291991464
2011Q2,0.253786792
2011Q3,0.292939827
2011Q4,0.261236423
2012Q1,0.238993509
2012Q2,0.226448445
2012Q3,0.211493998
2012Q4,0.213426247
2013Q1,0.16883552
2013Q2,0.149832994
2013Q3,0.139839573
2013Q4,0.122404307
2014Q1,0.129602901
2014Q2,0.120665241
2014Q3,0.150913018
2014Q4,0.228638588
2015Q1,0.232335913
2014Q1,0.057589058
2008Q1,0.434387766
2008Q2,0.389969285
2008Q3,0.441275289
2008Q4,0.553337128
2009Q2,0.494355806
2009Q3,0.322248346
2009Q4,0.426055422
2010Q1,0.59118255
2010Q2,0.465199205
2010Q3,0.339551614
2010Q4,0.444347628
2017Q3,0.005973511
2022Q1,3.19E-05
2020Q1,0.004192588
2020Q2,0.000629434
2020Q4,0.008793466
2021Q1,0.006003252
2021Q2,0.003139097
2021Q3,0.003015338
2021Q4,0.006641286
2022Q1,0.008262385
2022Q2,0.003832583
2013Q4,0.02914449
2014Q1,0.015173248
2014Q2,0.017876716
2014Q3,0.030284599
2014Q4,0.007127546
2015Q1,0.003272662
2015Q2,0.023173851
2015Q3,0.002644623
2017Q2,0.016333223
2012Q1,0.496110327
2012Q2,0.509462881
2012Q3,0.521805304
2012Q4,0.509695249
2013Q1,0.531056432
2013Q2,0.467387505
2013Q3,0.616794727
2013Q4,0.537657888
2014Q1,0.502601892
2014Q2,0.475757604
2014Q3,0.39779522
2014Q4,0.376601755
2015Q1,0.379513184
2015Q2,0.388902057
2015Q3,0.393402794
2015Q4,0.380149886
2016Q1,0.369997847
2011Q2,0.137022141
2011Q3,0.015009999
2011Q4,0.08760643
2012Q1,0.151447783
2012Q2,0.03189833
2019Q1,0.517638365
2019Q2,0.529306688
2019Q3,0.706026824
2019Q4,0.739468854
2016Q1,0.497444177
2016Q2,0.765331068
2016Q3,0.811862845
2016Q4,0.083702678
2017Q1,0.736184088
2017Q3,0.77791243
2017Q4,3.09802843
2018Q2,0.751888991
2018Q3,0.757304497
2018Q4,0.753904819
2019Q1,0.483721998
2019Q2,0.749961119
2019Q3,0.792616589
2019Q4,0.285474361
2020Q1,0.716182849
2020Q2,0.561048353
2020Q3,0.552172634
2020Q4,0.563136881
2021Q1,0.526888781
2021Q2,0.579220419
2021Q3,0.625968905
2021Q4,0.573076474
2022Q1,0.616405756
2022Q2,0.533614743
2022Q3,0.597382261
2010Q1,0.405166251
2010Q2,0.37868286
2010Q3,0.50723084
2010Q4,0.488400007
2011Q1,0.275535192
2011Q3,0.535412229
2011Q4,0.516050415
2012Q1,0.528367555
2012Q2,0.143138897
2012Q3,0.480771166
2012Q4,0.225959007
2013Q1,0.386637186
2013Q2,0.404113462
2013Q3,0.501705625
2013Q4,0.359318283
2014Q1,0.465322758
2014Q2,0.477527807
2014Q3,0.42013933
2014Q4,0.528438728
2015Q1,0.406798344
2015Q2,0.380167699
2015Q3,0.488400133
2015Q4,0.522774926
2016Q1,0.362615287
2016Q2,0.672464876
2016Q3,0.365418976
2019Q1,0.15181027
2019Q4,0.320532648
2022Q1,0.00247997
2012Q1,0.605719725
2012Q2,0.572783908
2012Q3,0.691056355
2012Q4,0.644030947
2013Q1,0.658976627
2013Q2,0.578813432
2013Q3,0.557041364
2013Q4,0.556906456
2014Q1,0.653923443
2014Q2,0.606353988
2014Q3,0.647807613
2014Q4,0.575831996
2015Q1,0.617789546
2015Q2,0.547519589
2015Q3,0.719235815
2015Q4,0.675490701
2016Q1,0.665612288
2016Q2,0.64914651
2016Q3,0.758665343
2016Q4,0.76022601
2017Q1,0.437952579
2017Q2,0.583660632
2017Q3,0.554351822
2017Q4,0.652699949
2018Q1,0.680410149
2018Q2,0.565198451
2018Q3,0.490865531
2018Q4,0.592179868
2019Q1,0.672148691
2019Q2,0.641032775
2019Q3,0.716840531
2019Q4,0.724540057
2020Q1,0.02065652
2021Q1,0.011330772
2012Q2,0.002747124
2016Q2,0.106829634
2016Q3,0.540972369
2017Q3,0.631143637
2018Q3,0.545215939
2018Q4,0.114516785
2019Q3,0.852227892
2014Q2,0.598687944
2014Q3,0.94143329
2014Q4,0.641741644
2015Q1,0.696366379
2015Q2,0.739470979
2015Q3,0.71622274
2015Q4,0.749878607
2016Q1,0.654037717
2016Q2,0.450020994
2016Q3,0.61742516
2016Q4,0.705706619
2017Q1,0.434152197
2017Q2,0.631003417
2017Q3,0.774132522
2017Q4,0.704593294
2018Q1,0.917250904
2018Q2,0.505577549
2018Q3,0.753570073
2018Q4,0.843324232
2019Q1,0.843585701
2019Q2,0.536124328
2019Q3,0.829187635
2019Q4,0.931282651
2020Q3,0.555594025
2020Q4,0.965129277
2021Q1,0.660207278
2021Q2,0.249339173
2021Q3,0.238210938
2021Q4,0.155438479
2022Q2,0.377794126
2022Q3,0.579129714
2012Q1,0.699423367
2013Q3,0.717174727
2014Q1,0.71906094
2022Q2,0.788360223
2020Q1,0.480217392
2020Q2,0.467562112
2020Q3,0.681098349
2020Q4,0.337724032
2021Q1,0.452517437
2021Q3,0.721307146
2021Q4,0.407539023
2022Q1,0.511456539
2022Q2,0.505567376
2022Q3,0.632216018
2017Q1,0.415716149
2017Q2,0.519228432
2017Q3,0.347524909
2017Q4,0.390912355
2018Q1,0.413479255
2018Q2,0.564252609
2018Q3,0.389155065
2018Q4,0.445428588
2019Q1,0.4773895
2019Q2,0.617423302
2019Q3,0.347423999
2019Q4,0.33168734
2020Q1,0.373678432
2020Q2,0.375330571
2020Q3,0.344590978
2020Q4,0.31761294
2021Q1,0.384483074
2021Q2,0.362108025
2021Q3,0.506599942
2021Q4,0.412683323
2022Q1,0.368721217
2022Q2,0.396514292
2022Q3,0.17201845
2008Q3,0.320134209
2012Q1,0.267679586
2012Q2,0.245956306
2012Q3,0.196725545
2012Q4,0.24973732
2013Q1,0.263530093
2013Q2,0.42718251
2013Q3,0.382458651
2013Q4,0.279878002
2014Q1,0.327939256
2014Q2,0.290376456
2014Q3,0.232855192
2014Q4,0.325339519
2015Q1,0.418228814
2015Q2,0.396760813
2015Q3,0.37013726
2015Q4,0.355928166
2016Q1,0.23334093
2016Q2,0.169054424
2016Q3,0.458414191
2016Q4,0.331067066
2017Q1,0.33864665
2017Q2,0.182591285
2017Q3,0.33543003
2017Q4,0.376152364
2018Q1,0.107704018
2018Q2,0.210032848
2018Q3,0.577425034
2018Q4,0.750196627
2019Q1,0.397103378
2019Q2,0.117956065
2019Q3,0.316420858
2019Q4,0.398318812
2020Q1,0.137262461
2020Q2,0.178539352
2020Q3,0.387795691
2016Q3,0.389385785
2016Q4,0.404391308
2017Q1,0.397215008
2017Q2,0.423141031
2017Q3,0.449189741
2017Q4,0.433884467
2018Q1,0.397665188
2018Q3,0.415121388
2019Q2,0.268469458
2019Q4,0.355715306
2020Q1,0.36392798
2020Q2,0.386087602
2020Q3,0.334573365
2020Q4,0.383712826
2021Q1,0.411625116
2021Q4,0.348374971
2022Q1,0.44506995
2022Q2,0.424481409
2019Q4,0.037099639
2022Q3,0.150262366
2011Q3,0.336837354
2011Q4,0.389609269
2013Q3,1
2018Q1,0.11493559
2018Q2,0.062081107
2018Q3,0.132935311
2018Q4,0.178617649
2019Q1,0.146529311
2019Q2,0.069327484
2019Q3,0.130561972
2019Q4,0.035118366
2020Q1,0.175217642
2020Q2,0.083366546
2020Q3,0.201301611
2020Q4,0.316593041
2021Q1,0.18156863
2021Q2,0.202918228
2021Q3,0.117854903
2021Q4,0.17318746
2022Q1,0.135797175
2022Q2,0.180120097
2022Q3,0.185478111
2021Q3,0.137980751
2022Q1,0.080325339
2022Q2,0.109656363
2022Q3,0.188092941
2011Q1,0.204379465
2011Q2,0.222523842
2011Q3,0.217429681
2011Q4,0.24254263
2012Q1,0.291865579
2012Q2,0.302018066
2012Q3,0.246363823
2012Q4,0.221122549
2013Q2,0.241535521
2013Q4,0.297385203
2014Q1,0.25593717
2014Q2,0.276064678
2014Q3,0.289169859
2014Q4,0.373377506
2015Q1,0.703415687
2015Q2,0.502129351
2015Q3,0.501658545
2015Q4,0.368942453
2016Q1,0.208305134
2016Q2,0.360041555
2016Q3,0.328703848
2011Q1,0.421037062
2011Q2,0.466793659
2011Q3,0.466571706
2011Q4,0.477370334
2012Q1,0.428030941
2012Q2,0.438020918
2012Q3,0.433582169
2012Q4,0.689493414
2013Q1,0.395438838
2013Q2,0.428489866
2013Q3,0.412433665
2013Q4,0.38499823
2014Q1,0.376770298
2014Q2,0.379796228
2014Q3,0.363611889
2014Q4,0.363949671
2015Q1,0.404914608
2015Q2,0.335962564
2015Q3,0.578841448
2015Q4,0.120415741
2016Q1,0.136561705
2016Q2,0.125535679
2016Q3,0.13342033
2021Q1,0.614705962
2021Q2,0.641112366
2022Q1,0.018800111
2022Q2,0.220855698
2018Q2,0.703864331
2018Q4,0.730357316
2019Q1,0.703512501
2019Q2,0.695389773
2019Q3,0.704427473
2019Q4,0.696466645
2020Q1,0.691231644
2020Q2,0.69913291
2020Q3,0.695527251
2020Q4,0.700861991
2021Q1,0.701597823
2021Q2,0.743507644
2021Q3,0.68598186
2021Q4,0.70189893
2022Q1,0.691103705
2022Q2,0.705098759
2022Q3,0.731920101
2008Q1,0.183955726
2013Q3,0.03542961
2018Q1,0.044880141
2009Q4,0.130817733
2010Q1,0.290777534
2010Q2,0.347884125
2010Q3,0.32110132
2010Q4,0.205580049
2011Q1,0.137791065
2011Q2,0.2587667
2011Q3,0.471420641
2011Q4,0.429106586
2012Q1,0.225191526
2012Q2,0.22375269
2012Q3,0.424371868
2012Q4,0.150069234
2013Q1,0.267940292
2013Q2,0.163285308
2013Q3,0.246150235
2013Q4,0.219632438
2014Q1,0.247830013
2014Q2,0.290663787
2014Q3,0.454170981
2014Q4,0.265667347
2015Q1,0.204095063
2015Q3,0.333401111
2015Q4,0.490393698
2016Q1,0.24977117
2016Q2,0.10322174
2016Q3,0.315315489
2016Q4,0.477647622
2017Q1,0.327988651
2017Q2,0.318820944
2017Q3,0.268866959
2017Q4,0.155422688
2018Q1,0.18068125
2018Q2,0.205421097
2018Q3,0.22779554
2018Q4,0.23062741
2019Q1,0.342769506
2019Q2,0.198271233
2019Q3,0.272670439
2019Q4,0.206292183
2020Q1,0.17257581
2020Q2,0.201553394
2020Q3,0.37085036
2020Q4,0.2825701
2021Q1,0.422068793
2021Q2,0.493723386
2021Q3,0.255726298
2022Q3,0.279389205
2022Q1,0.703330152
2022Q3,0.58714259
2008Q1,0.085597483
2008Q3,0.219838388
2008Q4,0.055696436
2009Q1,0.016106078
2009Q2,0.026252887
2009Q3,0.019790761
2009Q4,0.101213053
2010Q1,0.003907624
2010Q2,0.013538185
2019Q2,0.00484731
2011Q4,0.174176779
2012Q1,0.259237429
2012Q2,0.104680376
2012Q3,0.147445992
2012Q4,0.123979633
2013Q1,0.164398237
2013Q2,0.109563258
2013Q3,0.112791187
2013Q4,0.134906927
2014Q1,0.068990759
2014Q2,0.166330169
2014Q3,0.168064452
2015Q3,0.004226838
2017Q3,0.171920907
2018Q2,0.270610535
2009Q2,0.007160205
2012Q4,0.002847913
2013Q3,0.006232384
2009Q1,0.002173551
2008Q1,0.019456152
2008Q2,0.007314659
2008Q3,0.042928268
2008Q4,0.003675202
2009Q1,0.044619838
2009Q2,0.035391327
2009Q4,0.024586087
2010Q1,0.023781936
2010Q2,0.005728029
2010Q4,0.188853923
2011Q1,0.172412476
2011Q2,0.010852507
2011Q3,0.137029858
2011Q4,0.051921725
2012Q1,0.070108506
2012Q2,0.059415595
2012Q3,0.154729782
2012Q4,0.234236028
2013Q1,0.647380898
2013Q2,0.218466168
2013Q3,0.141968421
2013Q4,0.069434998
2014Q1,0.15914858
2014Q2,0.386311117
2014Q3,0.04598984
2014Q4,0.310053608
2015Q1,0.310514996
2015Q2,0.310024621
2015Q3,0.10524052
2015Q4,0.038752366
2016Q1,0.048743393
2016Q2,0.408976527
2016Q3,0.874388161
2016Q4,0.559098819
2017Q1,0.027115693
2017Q2,0.036398348
2017Q3,0.050993413
2017Q4,0.063279866
2018Q1,0.124421455
2018Q2,0.030708613
2018Q3,0.406963699
2018Q4,0.129379806
2019Q1,0.126200206
2019Q2,0.073530315
2019Q3,0.093552102
2019Q4,0.115053524
2020Q1,0.024236469
2020Q2,0.441615541
2020Q3,0.101494532
2020Q4,0.065847616
2021Q1,0.024715037
2021Q2,0.051736443
2021Q3,0.081918228
2021Q4,0.339222127
2022Q1,0.106659306
2022Q2,0.20495614
2022Q3,0.325399042
2012Q4,0.039682421
2013Q3,0.21345487
2013Q4,0.254538321
2014Q1,0.27124258
2014Q3,0.212144596
2015Q3,0.223653986
2011Q1,0.100915567
2011Q2,0.039499258
2011Q3,0.161774489
2011Q4,0.135473491
2017Q4,0.000991245
2018Q4,0.009052211
2019Q2,0.04656032
2019Q3,0.056167469
2019Q4,0.033399633
2020Q1,0.010417221
2020Q2,0.106797114
2020Q3,0.054027544
2021Q1,0.072219236
2021Q2,0.061132694
2021Q3,0.112310811
2021Q4,0.07769694
2022Q1,0.026804669
2022Q2,0.067247521
2022Q3,0.106957179
2011Q2,0.173492462
2011Q3,0.024256862
2011Q4,0.006070934
2019Q4,0.818216636
2020Q1,0.734415633
2020Q2,0.756738071
2020Q3,0.757940302
2020Q4,0.773115835
2021Q1,0.772933568
2021Q2,0.787228643
2021Q3,0.85511614
2021Q4,0.59438846
2022Q1,0.73588935
2022Q2,0.667127959
2022Q3,0.727569403
2019Q3,0.095279776
2019Q4,0.078268228
2020Q4,0.059382274
2021Q2,0.072690764
2021Q3,0.040911689
2021Q4,0.051477728
2022Q1,0.05674475
2022Q2,0.071883301
2022Q3,0.018601076
2011Q4,0.17835245
2012Q1,0.206082006
2017Q4,0.004365426
2011Q2,0.475182519
2011Q3,0.358496277
2011Q4,0.742196775
2012Q1,0.669608874
2012Q2,0.684057299
2012Q3,0.651143377
2012Q4,0.85993703
2013Q1,0.258647117
2013Q2,0.56052507
2013Q3,0.652095139
2013Q4,0.691571635
2014Q1,0.687638175
2014Q2,0.795521312
2014Q3,0.356706328
2014Q4,0.377119986
2015Q1,0.338295896
2015Q2,0.670068864
2015Q3,0.153151948
2015Q4,0.642156788
2016Q1,0.409690093
2016Q2,0.59744649
2016Q3,0.606183046
2016Q4,0.371144761
2017Q1,0.710874709
2017Q2,0.50624509
2017Q3,0.564458381
2017Q4,0.539217714
2013Q2,0.328054087
2021Q4,0.042104752
2022Q1,0.019138412
2022Q2,0.115112506
2022Q3,0.210671265
2017Q2,0.215807371
2021Q3,0.956295948
2021Q1,0.000996195
2021Q2,0.00080117
2021Q4,0.082679192
2019Q1,0.073753805
2019Q2,0.089805743
2019Q3,0.092157742
2019Q4,0.096876266
2020Q1,0.034029415
2015Q2,0.006244365
2021Q4,0.1982644
2019Q2,0.000603456
2019Q3,0.00129412
2019Q4,0.003227013
2020Q3,0.083155763
2020Q4,0.050217092
2019Q4,0.038251394
2015Q3,0.041105699
2015Q4,0.033232527
2016Q1,0.031562412
2016Q3,0.02737171
2019Q1,0.537857368
2019Q2,0.387331542
2019Q3,0.350708255
2022Q3,0.190378485
2009Q2,0.001936763
2009Q3,0.000837766
2010Q1,0.001046316
2010Q2,0.001164618
2010Q3,0.001707366
2010Q4,0.000583086
2011Q1,0.001119608
2011Q2,0.003296294
2012Q2,0.001094879
2012Q3,0.003157601
2013Q1,0.001702251
2013Q4,0.003427539
2014Q1,0.002430937
2014Q3,0.001027908
2014Q4,0.001152378
2015Q1,0.001352091
2015Q2,0.000967724
2015Q3,0.001955885
2015Q4,0.001466254
2016Q3,0.000990389
2017Q1,0.000278312
2017Q3,0.001046751
2019Q1,0.100720878
2019Q2,0.049454753
2019Q3,0.081868385
2022Q1,0.063571174
2014Q2,0.008269786
2014Q4,0.010181668
2016Q1,0.07468173
2015Q2,0.030039713
2016Q1,0.028829048
2016Q2,0.041938928
2016Q3,0.045053922
2016Q4,0.006669316
2017Q1,0.0004853
2017Q2,0.001071034
2017Q3,0.000830906
2017Q4,0.000906221
2018Q1,0.000747748
2018Q2,0.001117471
2018Q3,0.001094337
2018Q4,0.000686869
2019Q1,0.00060059
2019Q2,0.00142089
2019Q3,0.001238353
2019Q4,0.00111564
2020Q1,0.001298205
2019Q2,0.224097324
2019Q3,0.809994754
2018Q1,0.180718845
2018Q4,0.186486337
2019Q2,0.167390782
2020Q2,0.519061762
2020Q3,0.481174395
2020Q4,0.478772514
2021Q1,0.312521866
2018Q3,0.010507444
2017Q3,0.82905096
2017Q4,0.839705915
2018Q1,0.834378175
2022Q1,0.819936405
2019Q1,0.380317019
2019Q2,0.599060984
2016Q2,0.013770898
2016Q3,0.019530104
2016Q4,0.012760107
2017Q1,0.015836153
2017Q2,0.015077277
2017Q3,0.014862814
2017Q4,0.017196664
2018Q1,0.009173965
2018Q2,0.014416126
2018Q3,0.011334727
2018Q4,0.013856096
2019Q1,0.016206339
2019Q2,0.012312518
2019Q3,0.010307081
2019Q4,0.017762101
2020Q1,0.010331006
2020Q2,0.019689003
2020Q3,0.013981035
2021Q1,0.011631752
2022Q1,0.010833561
2011Q2,0.055678072
2011Q3,0.064396466
2012Q1,0.021204545
2012Q2,0.027625264
2012Q3,0.034011072
2012Q4,0.027301853
2013Q2,0.014014792
2013Q3,0.01835945
2014Q2,0.028957062
2014Q3,0.034257562
2014Q4,0.035030632
2015Q1,0.027989594
2015Q3,0.031293468
2015Q4,0.029522326
2016Q1,0.028639874
2016Q2,0.030433302
2016Q3,0.035309302
2016Q4,0.025598193
2017Q1,0.036028802
2017Q2,0.036789231
2017Q3,0.038204889
2018Q1,0.033485324
2018Q3,0.04127041
2018Q4,0.042523922
2019Q1,0.04138685
2019Q2,0.043829254
2019Q3,0.048592286
2019Q4,0.048170054
2020Q1,0.04840212
2020Q3,0.051014862
2020Q4,0.04252764
2021Q3,0.049946541
2019Q3,0.043114011
2019Q3,0.043114011
2019Q3,0.043114011
2019Q3,0.043114011
2019Q3,0.018787007
2019Q3,0.018787007
2019Q3,0.018787007
2019Q3,0.018787007
2021Q3,0.022891312
2021Q3,0.022891312
2021Q3,0.022891312
2021Q3,0.022891312
2021Q3,0.045627974
2021Q3,0.045627974
2021Q3,0.045627974
2021Q3,0.045627974
2016Q2,0.001688151
2016Q3,0.028619501
2017Q1,0.054489851
2017Q4,0.003355625
2018Q3,0.00784174
2019Q1,0.002790431
2019Q2,0.000387538
2021Q4,0.926542745
2020Q3,0.022505724
2021Q1,0.030243483
2021Q4,0.015015101
2017Q1,0.510320691
2017Q2,0.317326567
2017Q3,0.440051844
2017Q4,0.332857529
2018Q1,0.655529288
2018Q2,0.518219157
2018Q3,0.325603596
2018Q4,0.345200862
2019Q1,0.707610851
2019Q2,0.619421581
2019Q3,0.342130098
2019Q4,0.720720826
2020Q2,0.067958646
2020Q4,0.507781263
2008Q1,0.126125468
2008Q2,0.039394448
2008Q3,0.023991741
2009Q1,0.001026027
2013Q1,0.004714009
2013Q2,0.014215654
2013Q3,0.147173277
2013Q4,0.722631412
2014Q1,0.349938204
2014Q2,0.383179726
2014Q3,0.036103508
2014Q4,0.539117954
2015Q2,0.135278149
2015Q3,0.140356804
2015Q4,0.348189665
2016Q1,0.331442734
2016Q2,0.10751347
2016Q3,0.01502362
2016Q4,0.144242936
2017Q1,0.211481975
2017Q2,0.257299164
2017Q3,0.518810029
2017Q4,0.673165133
2018Q1,0.556761796
2018Q2,0.28325006
2018Q3,0.192644656
2018Q4,0.062341837
2019Q2,0.030216299
2019Q3,0.523390393
2019Q4,0.348305973
2020Q1,0.112200577
2020Q3,0.012038334
2020Q4,0.01818797
2021Q1,0.023585075
2021Q2,0.408984839
2021Q3,0.46053164
2021Q4,0.435462038
2022Q1,0.367544056
2022Q2,0.582282991
2022Q3,0.675252741
2010Q2,0.102136316
2010Q3,0.143859568
2010Q4,0.121602055
2011Q1,0.081868013
2011Q2,0.119200878
2011Q3,0.204187982
2011Q4,0.19103807
2012Q1,0.22468147
2012Q2,0.206855245
2012Q3,0.272186776
2012Q4,0.180870447
2013Q1,0.252052759
2013Q3,0.343784742
2013Q4,0.215106434
2014Q1,0.243900072
2014Q4,0.328493961
2015Q1,0.275681414
2015Q2,0.36339283
2015Q3,0.462003105
2016Q1,0.189292849
2016Q2,0.159852951
2016Q4,0.268037913
2017Q2,0.082844071
2017Q3,0.227181501
2017Q4,0.186507603
2018Q1,0.194888369
2018Q2,0.268544671
2018Q3,0.172863701
2018Q4,0.26816366
2019Q1,0.274887537
2019Q2,0.197438596
2019Q3,0.282669815
2019Q4,0.148041809
2020Q1,0.231279057
2020Q2,0.15984464
2020Q3,0.201040716
2021Q1,0.098052799
2021Q2,0.1476411
2021Q3,0.085414857
2021Q4,0.376343415
2022Q1,0.154525263
2022Q2,0.226996206
2022Q3,0.255116193
2008Q3,0.235968201
2008Q4,0.230474227
2009Q1,0.186596538
2009Q2,0.220094952
2009Q3,0.168486738
2009Q4,0.181764931
2010Q1,0.18747658
2010Q2,0.102539043
2010Q3,0.101882857
2010Q4,0.127591422
2011Q1,0.201581269
2011Q2,0.148069872
2011Q3,0.075633112
2011Q4,0.218120759
2012Q1,0.169555328
2012Q2,0.308039439
2012Q3,0.310278429
2012Q4,0.250008681
2013Q1,0.169277403
2013Q2,0.151654668
2013Q3,0.297208286
2013Q4,0.225518564
2014Q1,0.209619653
2014Q2,0.221070863
2014Q3,0.221455072
2014Q4,0.060893239
2015Q1,0.20508602
2015Q2,0.212227251
2015Q3,0.280341173
2015Q4,0.166284144
2016Q1,0.236621418
2016Q2,0.159321092
2016Q3,0.190810362
2016Q4,0.323176986
2017Q2,0.315551561
2017Q3,0.327206229
2017Q4,0.31982076
2018Q1,0.25798758
2018Q2,0.288186417
2018Q3,0.317736209
2018Q4,0.26787796
2019Q1,0.195393108
2019Q2,0.334243168
2019Q3,0.196119583
2019Q4,0.239278039
2020Q1,0.089330006
2020Q2,0.004326615
2021Q1,0.016195264
2021Q2,0.607868662
2021Q3,0.007714123
2021Q4,0.369710091
2022Q1,0.080593722
2022Q2,0.032802702
2021Q1,0.879501366
2021Q3,0.84108058
2022Q3,0.922395236
2012Q3,0.070588235
2012Q4,0.101925867
2013Q1,0.021946841
2013Q2,0.052935193
2013Q3,0.069694785
2013Q4,0.11748913
2014Q1,0.024748937
2014Q2,0.046157362
2014Q4,0.121518238
2015Q1,0.021858373
2015Q2,0.043572985
2015Q3,0.021558157
2015Q4,0.104815875
2016Q1,0.019317954
2016Q2,0.405759162
2016Q3,0.053569112
2016Q4,0.064467882
2017Q1,0.020680246
2017Q2,0.066083576
2017Q3,0.070222549
2017Q4,0.048460492
2018Q1,0.015204012
2018Q2,0.052735662
2018Q3,0.051341478
2018Q4,0.029614614
2019Q1,0.015270066
2019Q2,0.187755102
2019Q3,0.034020838
2008Q4,0.251820641
2009Q4,0.01735428
2011Q4,0.023505893
2008Q2,0.287781716
2008Q3,0.057785624
2012Q1,0.051886818
2012Q2,0.184566926
2012Q3,0.08731991
2012Q4,0.22646094
2013Q1,0.138019785
2013Q2,0.180041529
2013Q3,0.167991758
2013Q4,0.093387375
2014Q1,0.147027953
2014Q2,0.233916827
2014Q3,0.235346112
2014Q4,0.122684543
2015Q1,0.259012183
2015Q2,0.126698199
2015Q3,0.078247993
2015Q4,0.094213692
2016Q1,0.117040136
2016Q3,0.284598918
2016Q4,0.23450991
2017Q1,0.136082605
2017Q2,0.309769671
2008Q1,0.611684897
2008Q2,0.727422416
2008Q3,0.770843418
2008Q4,0.129907694
2009Q1,0.639518924
2009Q2,0.681277034
2009Q3,0.74184271
2009Q4,0.587171686
2010Q1,0.476737155
2010Q2,0.481394398
2010Q3,0.503247326
2010Q4,0.517112009
2018Q4,0.348630509
2019Q2,0.493834344
2019Q4,0.545128727
2020Q1,0.270475118
2020Q2,0.391982392
2020Q3,0.5515638
2020Q4,0.584560949
2021Q1,0.556576787
2021Q2,0.469796553
2022Q1,0.581661217
2022Q3,0.475114516
2009Q4,0.009509813
2008Q3,0.025222213
2009Q1,0.054621285
2009Q2,0.046547245
2009Q3,0.061517957
2009Q4,0.062579581
2016Q3,0.022755558
2016Q4,0.025441191
2018Q1,0.014341138
2018Q2,0.025616826
2018Q3,0.012576956
2018Q4,0.018970249
2020Q4,0.822260087
2021Q4,0.714938568
2009Q4,0.579274311
2012Q3,0.526885484
2012Q4,0.292278372
2013Q1,0.254787659
2013Q2,0.348891418
2013Q3,0.292364577
2013Q4,0.278906114
2014Q1,0.342702886
2014Q2,0.504514574
2014Q3,0.352739034
2014Q4,0.346081693
2015Q1,0.449648752
2015Q2,0.349065973
2015Q3,0.275631791
2015Q4,0.352650052
2016Q1,0.427463748
2016Q2,0.323077518
2016Q3,0.253448494
2016Q4,0.433882525
2017Q1,0.485472347
2017Q2,0.593874095
2017Q3,0.534534775
2017Q4,0.490828653
2018Q1,0.463901939
2018Q2,0.702088901
2018Q3,0.710004546
2018Q4,0.596759683
2019Q1,0.192716544
2019Q2,0.38648609
2019Q3,0.304879018
2019Q4,0.243727506
2020Q1,0.656372652
2020Q2,0.380165274
2020Q3,0.496225679
2020Q4,0.289103745
2021Q1,0.416415357
2021Q2,0.312000164
2021Q3,0.267303103
2021Q4,0.519708842
2022Q1,0.322135918
2022Q2,0.491702865
2022Q3,0.553949867
2010Q3,0.083714907
2011Q4,0.914183711
2013Q1,0.068664687
2014Q3,0.154852703
2018Q1,0.15532856
2018Q3,0.004934032
2018Q4,0.064003668
2019Q1,0.011845435
2019Q2,0.04019207
2019Q3,0.008701873
2019Q4,0.008696602
2020Q1,0.018662642
2020Q2,0.006346949
2020Q3,0.06083168
2020Q4,0.197160218
2021Q1,0.068576365
2021Q2,0.345432031
2021Q3,0.049641331
2021Q4,0.031139816
2022Q1,0.080296113
2022Q2,0.014869916
2022Q3,0.305918262
2020Q4,0.603576773
2011Q3,0.000484882
2011Q4,0.001330228
2019Q3,0.020193265
2022Q1,0.008368748
2022Q2,0.006442477
2022Q3,0.016155141
2009Q2,0.607723059
2009Q3,0.937827973
2009Q4,0.651114003
2010Q1,0.493744445
2010Q2,0.54112302
2010Q3,0.544606357
2010Q4,0.472897026
2011Q1,0.515106606
2011Q2,0.590060591
2011Q3,0.530513487
2011Q4,0.291959978
2012Q1,0.509641496
2012Q2,0.341772708
2012Q3,0.22986983
2012Q4,0.059429946
2013Q1,0.235463192
2013Q2,0.253430098
2013Q3,0.237876649
2013Q4,0.338430843
2014Q1,0.162622301
2014Q2,0.439839363
2014Q3,0.277268263
2014Q4,0.312478673
2015Q1,0.110154157
2015Q2,0.291720767
2015Q3,0.326164399
2015Q4,0.309980747
2016Q1,0.410481702
2016Q2,0.05225961
2016Q3,0.061697755
2016Q4,0.163869496
2017Q1,0.69229362
2017Q2,0.560541037
2017Q3,0.080008538
2017Q4,0.087798339
2018Q1,0.208820558
2018Q2,0.392227069
2018Q3,0.1430784
2018Q4,0.046200852
2019Q1,0.094202503
2019Q2,0.117937186
2019Q3,0.131870596
2020Q1,0.265535227
2020Q2,0.111838366
2020Q3,0.227834305
2020Q4,0.268405882
2021Q1,0.644291975
2021Q2,0.854975966
2021Q3,0.435612513
2021Q4,0.675324812
2022Q1,0.409529147
2022Q2,0.407106275
2022Q3,0.388062847
2019Q4,0.035932162
2020Q2,0.108847559
2020Q3,0.13232247
2009Q1,0.000883509
2013Q4,0.186211103
2012Q2,0.131795298
2014Q4,0.010142697
2015Q1,0.141528731
2008Q2,0.013234511
2008Q3,0.00696147
2008Q4,0.038015199
2009Q1,0.02857319
2009Q2,0.019789878
2009Q3,0.051820501
2009Q4,0.051547834
2010Q1,0.028587385
2010Q2,0.026184594
2010Q3,0.058187871
2010Q4,0.029780976
2011Q1,0.046305081
2011Q2,0.063904225
2011Q3,0.044349295
2011Q4,0.012375933
2012Q1,0.078363141
2012Q2,0.059444491
2012Q3,0.054293246
2012Q4,0.00409149
2013Q1,0.005674807
2013Q2,0.007111918
2013Q3,0.00573583
2013Q4,0.046689501
2014Q1,0.063477892
2014Q2,0.043397003
2014Q3,0.01298468
2014Q4,0.008563487
2015Q1,0.044744033
2015Q2,0.025721396
2015Q3,0.017388521
2015Q4,0.033278484
2016Q1,0.010229078
2016Q2,0.015690185
2016Q3,0.024749463
2016Q4,0.016867746
2017Q1,0.034347119
2017Q2,0.007578674
2017Q3,0.031346686
2017Q4,0.017725135
2018Q1,0.284300063
2018Q2,0.419475268
2018Q3,0.428648406
2018Q4,0.519895633
2019Q1,0.269433188
2019Q2,0.488818473
2019Q3,0.391082126
2019Q4,0.068996904
2020Q1,0.453165589
2020Q2,0.274532085
2020Q4,0.16679677
2021Q1,0.212869777
2021Q2,0.19401328
2021Q3,0.330818756
2022Q2,0.163469038
2022Q3,0.211275758
2013Q2,0.536682561
2013Q3,0.62659885
2013Q4,0.58987806
2014Q1,0.577714093
2014Q2,0.484575125
2014Q3,0.492407275
2014Q4,0.527193361
2015Q1,0.593021626
2015Q2,0.628697233
2015Q3,0.614821051
2015Q4,0.552979021
2016Q1,0.467652095
2016Q2,0.475310649
2016Q3,0.498501017
2016Q4,0.449220448
2017Q1,0.451009091
2017Q2,0.429874032
2017Q3,0.421719987
2017Q4,0.457348467
2018Q1,0.496115293
2018Q2,0.396343093
2018Q3,0.438032157
2018Q4,0.431388155
2019Q1,0.450653708
2019Q2,0.332127048
2019Q3,0.309799649
2019Q4,0.375151281
2020Q1,0.507399194
2020Q2,0.46555152
2020Q3,0.254578864
2020Q4,0.335774343
2021Q1,0.242649308
2021Q2,0.288774927
2021Q3,0.290361693
2021Q4,0.212365326
2022Q1,0.205070817
2022Q2,0.185222525
2022Q3,0.225946444
2019Q1,0.353001924
2019Q2,0.446474774
2019Q3,0.374387788
2019Q4,0.607558889
2020Q1,0.640474587
2020Q2,0.626984975
2020Q3,0.653314781
2020Q4,0.622459892
2021Q1,0.595654736
2021Q2,0.555109574
2021Q3,0.520629718
2021Q4,0.48172178
2022Q1,0.516142628
2022Q2,0.481077462
2022Q3,0.489174386
2012Q2,0.007633251
2012Q3,0.000693621
2012Q4,0.001197661
2013Q1,0.001592748
2022Q1,0.873551215
2008Q2,0.503093643
2008Q3,0.386312687
2008Q4,0.084163063
2009Q1,0.072429255
2009Q2,0.309323177
2009Q3,0.265925513
2009Q4,0.367341902
2010Q1,0.271848839
2010Q2,0.284382251
2010Q3,0.053897448
2010Q4,0.121823352
2011Q1,0.180299227
2011Q2,0.189588212
2011Q3,0.271455203
2011Q4,0.253026599
2012Q1,0.309438912
2012Q2,0.213521443
2012Q3,0.278408417
2012Q4,0.170830355
2013Q1,0.263847603
2013Q2,0.389304853
2013Q3,0.043460589
2013Q4,0.01580384
2014Q1,0.124719821
2014Q2,0.406183621
2014Q3,0.384953983
2014Q4,0.392530544
2015Q1,0.373902031
2015Q2,0.388711906
2015Q3,0.44097637
2015Q4,0.386431736
2016Q2,0.402058555
2016Q3,0.5214959
2017Q1,0.261888145
2017Q2,0.15901739
2017Q4,0.185006579
2018Q1,0.248457333
2018Q2,0.203248781
2018Q4,0.232176566
2019Q1,0.202738541
2019Q2,0.185246193
2019Q3,0.190937062
2019Q4,0.230631423
2020Q1,0.217354097
2020Q2,0.1946284
2020Q3,0.173784127
2021Q1,0.3512179
2021Q2,0.332732
2022Q2,0.422877918
2022Q3,0.328723757
2020Q2,0.021141937
2020Q4,0.624864091
2021Q1,0.501144185
2021Q3,0.461199442
2021Q4,0.313697657
2022Q1,0.049576335
2022Q2,0.498588825
2022Q3,0.185450189
2012Q1,0.060750788
2012Q2,0.017733225
2012Q3,0.07070933
2021Q4,0.3422739
2021Q1,0.406683406
2021Q2,0.462340483
2021Q3,0.407599378
2021Q4,0.363882445
2022Q1,0.348937327
2022Q2,0.289425829
2022Q3,0.316974493
2019Q3,0.016378283
2009Q2,0.087835119
2009Q3,0.560696567
2009Q4,0.128476048
2010Q1,0.445797587
2010Q2,0.289567202
2010Q4,0.212062221
2011Q3,0.018698081
2016Q3,0.063029769
2016Q4,0.831377176
2017Q1,0.647224895
2017Q2,0.766298437
2017Q4,0.036622465
2018Q2,0.357357967
2018Q3,0.201271006
2018Q4,0.066824337
2019Q1,0.058689595
2008Q1,0.003002203
2009Q4,0.128097725
2010Q2,0.133391121
2014Q2,0.370010866
2018Q4,0.08997989
2012Q3,0.015763664
2015Q1,0.119244176
2015Q2,0.213467007
2009Q3,0.022721669
2019Q1,0.685816559
2019Q2,0.695477459
2019Q4,0.053205701
2020Q2,0.014184719
2021Q3,0.156646705
2021Q4,0.047642098
2022Q1,0.501052814
2022Q2,0.649870453
2022Q3,0.792940035
2016Q2,0.007390212
2019Q1,0.099406696
2019Q2,0.005189874
2019Q4,0.013896873
2021Q4,0.978827143
2022Q1,1
2022Q2,0.003551864
2015Q1,0.005933192
2017Q3,0.003148664
2021Q3,0.450938744
2021Q4,0.360334552
2022Q2,0.298813794
2017Q2,0.146672964
2017Q4,0.277173115
2018Q2,0.920619196
2018Q3,0.907525057
2018Q4,0.921149065
2019Q3,0.883629937
2019Q4,0.373042214
2020Q3,0.414654445
2020Q4,0.388942157
2011Q1,0.05460072
2011Q2,0.05865357
2011Q4,0.009118538
2012Q1,0.08312145
2012Q2,0.098757819
2012Q3,0.08049252
2012Q4,0.115903508
2013Q1,0.084738256
2013Q2,0.133033273
2013Q3,0.054334206
2013Q4,0.142554426
2014Q1,0.237875638
2014Q2,0.230998714
2014Q3,0.242835171
2014Q4,0.267362062
2015Q1,0.2440576
2015Q2,0.23708001
2015Q3,0.191432304
2015Q4,0.228924437
2016Q1,0.305705205
2016Q2,0.253810687
2016Q3,0.280247834
2016Q4,0.151631667
2017Q1,0.188792731
2017Q2,0.213521847
2017Q3,0.14498846
2017Q4,0.119614119
2018Q1,0.321045797
2018Q2,0.150529761
2018Q3,0.208390551
2018Q4,0.119004721
2019Q1,0.251848148
2019Q2,0.152871366
2019Q3,0.238037164
2019Q4,0.162504261
2020Q1,0.143926694
2020Q2,0.129912847
2020Q3,0.080885589
2020Q4,0.055095247
2021Q1,0.042650496
2021Q2,0.038578088
2021Q3,0.080230555
2021Q4,0.07185237
2022Q1,0.09109619
2022Q2,0.096632692
2022Q3,0.0598651
2020Q4,0.844047611
2022Q2,0.726910526
2009Q4,0.00712145
2014Q2,0.287211318
2014Q3,0.583105819
2015Q2,0.394875736
2015Q3,0.450562713
2015Q4,0.392236541
2016Q1,0.123864203
2016Q2,0.234365192
2016Q3,0.169354409
2016Q4,0.233617152
2017Q1,0.335882467
2017Q2,0.257651124
2017Q3,0.165619796
2017Q4,0.15333091
2018Q1,0.078094334
2018Q2,0.221689206
2018Q3,0.180273429
2018Q4,0.085704671
2019Q1,0.041576301
2019Q2,0.043498469
2019Q3,0.30809693
2019Q4,0.420163592
2020Q2,0.291827249
2021Q1,0.476375424
2021Q2,0.420585463
2021Q3,0.100238076
2021Q4,0.146960689
2022Q1,0.162328628
2022Q2,0.237846975
2022Q3,0.196742048
2016Q4,1
2017Q1,1
2017Q2,1
2017Q3,1
2017Q4,1
2018Q1,1
2018Q2,1
2018Q3,1
2018Q4,1
2020Q3,0.444202999
2020Q1,0.050036392
2020Q3,0.66645193
2020Q4,0.035180288
2022Q1,0.035765048
2022Q2,0.02588908
2022Q3,0.025577819
2008Q1,0.504938953
2008Q2,0.660614935
2008Q3,0.385780479
2008Q4,0.884213704
2012Q1,0.423955364
2012Q2,0.213510634
2012Q3,0.419457257
2012Q4,0.744664992
2013Q1,0.806275525
2013Q2,0.472333208
2013Q3,0.745093875
2013Q4,0.419245736
2014Q1,0.428384595
2014Q2,0.201300961
2014Q3,0.735437835
2014Q4,0.932595634
2015Q2,0.155619309
2015Q3,0.490830962
2015Q4,0.48802414
2016Q1,0.515984133
2016Q2,0.585156946
2016Q3,0.458525457
2016Q4,0.783721193
2017Q1,0.267834041
2017Q2,0.44471272
2017Q3,0.025290859
2017Q4,0.739502324
2018Q1,0.826800211
2018Q2,0.119422456
2018Q3,0.075592736
2022Q2,0.724287311
2022Q3,0.72346286
2018Q1,0.699025685
2018Q2,0.77975937
2018Q3,0.076355896
2018Q4,0.480292771
2019Q1,0.797498254
2019Q2,0.641536138
2019Q3,0.179150159
2019Q4,0.223659167
2020Q1,0.259769771
2020Q2,0.171596314
2020Q3,0.212306123
2020Q4,0.40787534
2021Q1,0.112467481
2021Q2,0.094542177
2021Q3,0.079943738
2021Q4,0.036984863
2022Q1,0.063369989
2022Q2,0.135458677
2022Q3,0.034157336
2010Q3,0.024568675
2011Q4,0.204223108
2017Q4,0.003175964
2019Q3,0.248362501
2022Q3,0.208793695
2008Q2,0.619014722
2008Q3,0.47859985
2012Q4,0.212424757
2013Q2,0.193564673
2013Q3,0.184519821
2013Q4,0.207284857
2014Q1,2.053101583
2014Q3,4.110548988
2015Q1,0.368370028
2015Q2,0.098505061
2015Q3,0.192926835
2015Q4,0.272327091
2021Q4,0.063599465
2020Q2,0.062419364
2020Q3,0.013797476
2020Q4,0.020502552
2021Q1,0.01281238
2021Q2,0.008734033
2021Q3,0.004440184
2021Q4,0.00986562
2011Q2,0.232577167
2011Q3,0.244011163
2011Q4,0.236443944
2012Q1,0.060642619
2012Q2,0.110582227
2012Q3,0.330544325
2020Q3,0.327043733
2021Q2,0.031375351
2008Q2,0.000849224
2016Q2,0.059801102
2012Q3,0.048563437
2012Q4,0.03099473
2013Q1,0.001306306
2014Q3,0.147254462
2014Q4,0.058057492
2016Q3,0.037896541
2008Q1,0.147966043
2008Q2,0.314328113
2008Q3,0.21822712
2010Q1,0.038977397
2015Q1,0.004130457
2015Q2,0.051731998
2015Q3,0.134794179
2015Q4,0.093066764
2016Q1,0.0187239
2016Q2,0.020625365
2016Q3,0.029470589
2016Q4,0.088392282
2017Q1,0.082386547
2017Q2,0.325629327
2017Q3,0.169223454
2017Q4,0.030482038
2018Q1,0.005108982
2018Q2,0.02495207
2018Q3,0.085373698
2018Q4,0.037442767
2019Q1,0.01880495
2019Q2,0.004706561
2019Q3,0.023084143
2019Q4,0.05236655
2020Q1,0.02349658
2020Q2,0.008674595
2020Q3,0.12556386
2020Q4,0.307946454
2021Q1,0.38027545
2021Q2,0.027829977
2021Q3,0.644261657
2021Q4,0.074385588
2022Q1,0.002816889
2022Q2,0.094894315
2015Q3,0.009656728
2019Q2,0.031284441
2020Q1,0.014144289
2020Q2,0.006586107
2020Q3,0.006486017
2008Q3,0.012120074
2012Q1,0.00344475
2012Q2,0.031384133
2012Q3,0.005618329
2021Q3,0.506817039
2014Q2,0.990285768
2011Q4,0.383150403
2012Q1,0.358321651
2012Q2,0.216839749
2012Q3,0.12181868
2012Q4,0.125091327
2013Q1,0.215455642
2013Q2,0.312399393
2013Q3,0.31046945
2013Q4,0.175569265
2014Q1,0.245064796
2014Q2,0.317747284
2014Q3,0.321877635
2014Q4,0.376687859
2015Q1,0.195762406
2015Q2,0.165446035
2015Q3,0.124535749
2015Q4,0.129773909
2016Q1,0.251322788
2016Q2,0.304836683
2016Q3,0.233776041
2016Q4,0.147696372
2017Q1,0.068133378
2017Q2,0.071304357
2017Q3,0.019711016
2017Q4,0.042040829
2018Q1,0.082028227
2018Q2,0.129666333
2018Q3,0.208640297
2018Q4,0.378747998
2019Q1,0.465179457
2019Q2,0.49096372
2019Q3,0.519654986
2019Q4,0.550671243
2020Q1,0.386491473
2020Q2,0.343042099
2020Q3,0.328807829
2020Q4,0.313875469
2021Q1,0.217299241
2021Q2,0.349755702
2021Q3,0.270464368
2021Q4,0.45763473
2022Q1,0.364512617
2022Q2,0.294286259
2022Q3,0.198763509
2020Q4,0.734258332
2021Q4,0.821725922
2022Q1,0.779172557
2021Q4,0.009279151
2016Q2,0.090078709
2016Q3,0.099613578
2016Q4,0.144344055
2017Q1,0.199568151
2017Q2,0.139523947
2017Q3,0.160940132
2017Q4,0.160940129
2018Q1,0.149871224
2018Q2,0.153758411
2018Q3,0.171214662
2018Q4,0.181507501
2019Q1,0.151933519
2019Q2,0.171516716
2019Q3,0.14048737
2019Q4,0.384520002
2020Q1,0.194390252
2020Q2,0.326017655
2020Q3,0.229846124
2020Q4,0.167971282
2021Q1,0.249939007
2021Q2,0.289860238
2021Q3,0.356185443
2021Q4,0.387985041
2022Q1,0.170980721
2022Q2,0.24475425
2022Q3,0.244180496
2009Q3,0.004410052
2011Q2,0.031663911
2014Q1,0.001857214
2014Q3,0.000823486
2015Q4,0.001738185
2016Q2,0.00647719
2009Q1,0.01420531
2009Q2,0.002532602
2019Q2,0.000314074
2014Q1,0.235395187
2014Q2,0.233297429
2014Q3,0.534397886
2014Q4,0.043783057
2016Q2,0.385714506
2016Q3,0.746530722
2017Q4,0.026391723
2020Q3,0.113630975
2012Q1,0.140323018
2012Q2,0.160203053
2012Q4,0.239314136
2013Q1,0.161408219
2013Q2,0.248576415
2013Q3,0.113958192
2013Q4,0.132488831
2014Q1,0.062097992
2014Q2,0.014282591
2014Q3,0.018049334
2014Q4,0.034840725
2015Q1,0.010744486
2015Q2,0.150579791
2015Q3,0.080072549
2016Q1,0.092408886
2016Q2,0.076538335
2016Q3,0.125088018
2016Q4,0.032123392
2017Q1,0.173039898
2017Q2,0.003914774
2017Q3,0.007003924
2017Q4,0.003344223
2018Q1,0.198487697
2018Q3,0.004025564
2018Q4,0.023305148
2019Q1,0.000457078
2019Q2,0.004132004
2019Q3,0.00708598
2020Q1,0.191426549
2020Q2,0.465325523
2020Q3,0.01425438
2020Q4,0.001791907
2021Q1,0.070015032
2021Q2,0.030609815
2021Q3,0.010083512
2022Q1,0.020924466
2022Q2,0.021588349
2021Q2,0.057955477
2021Q3,0.093646972
2021Q4,0.076426869
2022Q1,0.067835029
2022Q2,0.053398877
2022Q3,0.121262886
2019Q4,0.124308825
2020Q3,0.053020401
2021Q4,0.039111422
2022Q1,0.05080971
2012Q4,0.11167788
2016Q3,0.1595115
2017Q3,0.460688912
2018Q2,0.212461374
2020Q2,0.10274812
2020Q3,0.121712963
2021Q2,0.822987841
2021Q3,0.345120013
2021Q4,0.531007772
2022Q1,0.749255922
2022Q2,0.681360621
2022Q3,0.835006164
2012Q2,0.24437158
2012Q3,0.123761735
2012Q4,0.21828249
2013Q1,0.411411747
2013Q2,0.359822643
2013Q3,0.24993818
2013Q4,0.119172546
2014Q1,0.127802466
2014Q2,0.050276336
2014Q3,0.056117407
2014Q4,0.081445744
2015Q1,0.071151126
2015Q2,0.001999923
2015Q3,0.204969993
2015Q4,0.093739445
2016Q1,0.152900649
2016Q2,0.216662165
2009Q3,0.047517607
2009Q4,0.008359857
2013Q1,0.022079802
2013Q2,0.023354246
2013Q3,0.014893815
2008Q1,0.022971234
2008Q2,0.012883175
2008Q3,0.007198367
2008Q4,0.00505354
2009Q1,0.031747362
2009Q2,0.057456845
2009Q3,0.008179257
2009Q4,0.008137782
2015Q2,0.003905344
2015Q3,0.006961651
2015Q4,0.018271667
2016Q1,0.005668186
2016Q2,0.014380673
2016Q3,0.005754815
2016Q4,0.066556344
2017Q1,0.004489084
2017Q2,0.006481411
2017Q3,0.004520578
2017Q4,0.031812072
2018Q1,0.013962816
2018Q2,0.000153039
2018Q3,0.001497244
2018Q4,0.016176083
2019Q1,0.012239503
2019Q2,0.003058415
2019Q3,0.002022162
2019Q4,0.021828153
2020Q3,0.003920869
2020Q4,0.007616488
2021Q1,0.000986341
2021Q2,0.009350101
2021Q3,0.000357705
2021Q4,0.007566159
2022Q1,0.007140104
2022Q2,0.018986571
2022Q3,0.005185741
2010Q4,0.4350306
2008Q4,0.006190599
2009Q1,0.003296958
2009Q2,0.003356696
2009Q4,0.007806134
2010Q1,0.00250327
2010Q2,0.010406492
2010Q3,0.004736512
2010Q4,0.008518377
2011Q1,0.007651864
2011Q2,0.011095163
2011Q3,0.012108066
2011Q4,0.0087648
2012Q1,0.009503058
2012Q2,0.015147085
2012Q3,0.010168128
2012Q4,0.002964812
2013Q1,0.003839153
2009Q4,0.003083986
2010Q2,0.000222532
2010Q3,0.002366725
2010Q4,0.000163012
2011Q1,0.000109949
2011Q3,0.00021079
2011Q4,0.000822027
2012Q1,0.000173369
2012Q2,0.000648864
2012Q3,0.002325854
2013Q1,0.000326929
2013Q2,0.000423966
2013Q3,0.000417124
2013Q4,0.000167826
2014Q1,0.000204808
2014Q2,0.007765008
2014Q3,0.001807
2016Q4,0.445642641
2017Q1,0.046509207
2017Q2,0.074484592
2017Q3,0.081868448
2017Q4,0.104726212
2018Q1,0.016964251
2018Q2,0.061233568
2018Q4,0.091983889
2019Q1,0.060218835
2019Q2,0.115068991
2019Q3,0.093046732
2019Q4,0.062822665
2020Q3,0.024074682
2020Q4,0.080016993
2021Q3,0.082813377
2021Q4,0.021194974
2022Q1,0.001915329
2022Q2,0.025056238
2020Q4,0.002697448
2021Q1,0.001292855
2021Q2,0.002935008
2021Q3,0.005858276
2021Q4,0.003766866
2022Q1,0.002131627
2022Q2,0.003529316
2022Q3,0.004668248
2014Q2,0.962776728
2015Q3,0.927993765
2016Q2,0.908034941
2017Q1,0.919374659
2021Q3,0.907337215
2011Q3,0.13503955
2011Q4,0.182172163
2012Q1,0.179419708
2012Q2,0.142791636
2012Q3,0.122520757
2012Q4,0.151399005
2013Q1,0.117996137
2013Q2,0.146293685
2013Q3,0.126568711
2013Q4,0.139339939
2014Q1,0.414401161
2014Q2,0.496456435
2014Q3,0.258046186
2014Q4,0.231144188
2015Q1,0.306799325
2015Q2,0.346919872
2015Q3,0.262770093
2015Q4,0.277467563
2016Q1,0.392945006
2016Q2,0.452874004
2016Q3,0.036450071
2016Q4,0.288578314
2017Q1,0.468882574
2017Q2,0.311768061
2017Q3,0.374365618
2017Q4,0.305952025
2018Q1,0.432763076
2018Q2,0.409094694
2018Q3,0.289973338
2018Q4,0.281207606
2019Q1,0.168726975
2019Q2,0.366209259
2019Q3,0.407377411
2019Q4,0.246035027
2020Q1,0.359685896
2020Q2,0.407479005
2020Q3,0.388096247
2020Q4,0.404215022
2021Q1,0.447544672
2021Q2,0.280365286
2021Q3,0.368647301
2021Q4,0.384235079
2022Q1,0.434881186
2022Q2,0.415266778
2022Q3,0.450720528
2008Q1,0.362958968
2008Q2,0.550472242
2008Q3,0.72353308
2008Q4,0.922286779
2015Q1,0.230509929
2021Q1,1
2021Q1,0.158536371
2014Q4,0.00862954
2015Q1,0.001972501
2015Q2,0.008042521
2015Q3,0.008444723
2016Q1,0.005835108
2016Q4,0.007772591
2009Q1,0.019476512
2018Q3,0.196497216
2018Q4,0.573742378
2008Q1,0.163089033
2008Q2,0.122905384
2008Q3,0.202977812
2008Q4,0.131515731
2009Q1,0.062382366
2009Q2,0.041877711
2009Q3,0.005979904
2009Q4,0.051284576
2010Q1,0.334074317
2010Q2,0.006860823
2010Q4,0.000666557
2017Q3,0.009063506
2012Q4,0.002412229
2013Q3,0.229264247
2013Q4,0.026812172
2012Q1,0.363375791
2013Q2,0.061762197
2013Q3,0.121613536
2013Q3,0.121613536
2013Q3,0.121613536
2013Q3,0.121613536
2013Q3,0.046253874
2013Q3,0.046253874
2013Q3,0.046253874
2013Q3,0.046253874
2008Q4,0.818702029
2009Q1,0.667867928
2009Q2,0.579532435
2009Q3,0.599579737
2009Q4,0.397038643
2010Q1,0.318177966
2010Q2,0.348286411
2010Q3,0.574781419
2010Q4,0.4716092
2011Q1,0.337509358
2011Q2,0.512412863
2011Q3,0.617426309
2011Q4,0.609143228
2012Q1,0.640654734
2012Q2,0.117893232
2012Q3,0.576646881
2012Q4,0.288481446
2013Q1,0.515455656
2013Q2,0.830389022
2013Q3,0.619243181
2013Q4,0.078919783
2014Q1,0.01960724
2014Q2,0.384134358
2014Q3,0.483920824
2015Q2,0.258154903
2015Q3,0.186234142
2015Q4,0.426235353
2016Q1,0.346078227
2016Q2,0.423382261
2016Q3,0.547052738
2016Q4,0.546859934
2017Q1,0.505642463
2017Q2,0.561809946
2017Q3,0.637060586
2017Q4,0.616013073
2018Q1,0.540078751
2018Q2,0.502598316
2018Q3,0.620440749
2018Q4,0.611442472
2019Q1,0.574318179
2019Q2,0.571767035
2019Q3,0.613477168
2019Q4,0.642280041
2020Q1,0.680066488
2020Q2,0.644108249
2020Q3,0.67901793
2020Q4,0.660113432
2021Q1,0.615184216
2021Q2,0.656460381
2021Q3,0.705775652
2021Q4,0.723394231
2022Q1,0.632169426
2022Q2,0.657685424
2022Q3,0.754513843
2019Q2,0.17499155
2020Q1,0.255673426
2020Q4,0.347343966
2022Q2,0.366716808
2022Q3,0.28837348
2016Q4,0.327598362
2017Q1,0.057817155
2017Q2,0.168349592
2017Q3,0.052456105
2017Q4,0.138507217
2018Q1,0.075381165
2018Q4,0.145007557
2019Q1,0.069114075
2019Q2,0.039217922
2019Q3,0.255360661
2019Q4,0.33566935
2020Q1,0.54309196
2021Q1,0.387418417
2021Q2,0.440923407
2021Q3,0.094583949
2021Q4,0.244132751
2022Q1,0.390354587
2022Q2,0.432088274
2022Q3,0.278886933
2016Q1,0.082153924
2016Q2,0.071831702
2015Q1,0.003860935
2017Q2,0.711386324
2017Q3,0.621324646
2018Q3,0.042421091
2019Q1,0.535784565
2019Q2,0.398814307
2019Q3,0.535805539
2019Q4,0.223860838
2020Q2,0.218709501
2020Q3,0.24363187
2020Q4,0.356336418
2021Q1,0.592905519
2021Q2,0.549260823
2021Q3,0.742023851
2021Q4,0.593827891
2022Q2,0.442691888
2022Q3,0.139799031
2019Q1,0.020269874
2019Q2,0.007645873
2019Q3,0.016899127
2019Q4,0.008955533
2020Q1,0.013413745
2020Q2,0.010771684
2020Q3,0.010605026
2020Q4,0.009410745
2019Q2,0.160950258
2019Q3,0.11376493
2019Q4,0.136643767
2020Q1,0.248838376
2020Q2,0.282554497
2020Q3,0.8165323
2020Q4,0.364948213
2021Q2,0.074113039
2021Q3,0.093780039
2022Q1,0.385611201
2022Q2,0.316970423
2022Q3,0.174049162
2009Q4,0.132577369
2009Q4,0.528513507
2010Q1,0.475365941
2010Q2,0.472834237
2010Q3,0.487515814
2010Q4,0.502858898
2011Q1,0.522772431
2011Q2,0.497107479
2011Q3,0.49683422
2011Q4,0.514179038
2012Q1,0.469220942
2012Q2,0.527419948
2013Q1,0.016920109
2013Q2,0.010969642
2013Q3,0.012053292
2013Q4,0.018419362
2014Q1,0.015667501
2014Q2,0.024470222
2014Q3,0.016555807
2014Q4,0.005209583
2015Q1,0.006078061
2015Q2,0.011648164
2015Q3,0.00547155
2015Q4,0.058376946
2016Q1,0.039559917
2016Q2,0.04685232
2016Q3,0.036684624
2016Q4,0.049821425
2017Q1,0.053841682
2017Q2,0.042287425
2017Q3,0.056634805
2017Q4,0.048276968
2018Q1,0.051020576
2018Q2,0.052537555
2018Q3,0.048714544
2018Q4,0.041962617
2019Q1,0.042090234
2019Q2,0.056165651
2019Q3,0.030570009
2019Q4,0.030148892
2020Q1,0.020018659
2020Q2,0.021825508
2020Q3,0.036671357
2016Q1,0.016485174
2016Q2,0.006009287
2020Q3,0.005834514
2021Q1,0.00260067
2021Q2,0.113435689
2021Q3,0.072983736
2013Q2,0.001125081
2021Q2,0.975048645
2021Q3,1
2021Q4,1
2022Q2,1
2022Q3,1
2008Q4,0.033046222
2009Q4,0.01564409
2008Q3,0.011278303
2014Q2,0.015282842
2014Q3,0.074443565
2022Q3,0.11776991
2008Q1,0.003088133
2008Q2,0.006093161
2008Q4,0.003045612
2017Q1,0.010587394
2020Q1,0.008193959
2021Q4,0.01751021
2022Q1,0.007932765
2022Q2,0.007971457
2022Q3,0.021315323
2018Q1,0.838704325
2021Q2,0.022414786
2021Q4,0.008902105
2022Q2,0.009176047
2022Q3,0.006275179
2015Q1,0.14521362
2015Q2,0.009533203
2015Q3,0.007122923
2016Q3,0.008535359
2018Q2,0.016962916
2018Q3,0.029758036
2018Q4,0.01485221
2019Q1,0.006475236
2019Q3,0.024025506
2019Q4,0.006921331
2020Q1,0.010081281
2020Q2,0.066346319
2020Q3,0.034199868
2020Q4,0.043977795
2021Q1,0.032948307
2021Q2,0.0219219
2021Q3,0.034725923
2021Q4,0.022742878
2022Q1,0.06320423
2022Q2,0.020432841
2022Q3,0.027098172
2011Q3,0.02642432
2011Q4,0.003025303
2012Q1,0.017620611
2013Q1,0.014827225
2013Q2,0.007981952
2013Q3,0.038912442
2013Q4,0.00270602
2014Q1,0.006927868
2014Q2,0.007831313
2014Q3,0.008053217
2014Q4,0.012281431
2015Q1,0.003047178
2015Q3,0.007206477
2015Q4,0.001944102
2016Q1,0.006633108
2016Q2,0.010312711
2016Q3,0.003395277
2016Q4,0.018949949
2017Q3,0.004273671
2017Q4,0.029896627
2018Q1,0.003780341
2018Q2,0.003736021
2018Q3,0.009137071
2018Q4,0.001126456
2019Q1,0.008944145
2019Q2,0.010459515
2019Q3,0.001528749
2019Q4,0.013401945
2020Q1,0.017528103
2020Q2,0.001368324
2020Q3,0.000658733
2020Q4,0.000810387
2021Q1,0.019769735
2021Q2,0.022499244
2021Q3,0.007368168
2021Q4,0.001681043
2022Q1,0.002751844
2022Q2,0.001000236
2022Q3,0.001962261
2008Q3,0.018143948
2008Q4,0.004770624
2009Q1,0.003574651
2009Q2,0.008658747
2009Q3,0.006010391
2009Q4,0.003737548
2010Q1,0.006236911
2010Q2,0.009664379
2010Q3,0.007898795
2010Q4,0.004548416
2011Q1,0.002488359
2011Q2,0.012297373
2011Q3,0.00551125
2011Q4,0.003788956
2012Q1,0.002408586
2012Q2,0.010012724
2012Q3,0.003589189
2012Q4,0.001734334
2013Q1,0.000732753
2013Q2,0.005245189
2013Q3,0.003374338
2014Q1,0.004319007
2014Q2,0.012977089
2014Q4,0.002509045
2020Q1,0.18050377
2020Q2,0.123594844
2020Q3,0.397269238
2020Q4,0.480587611
2021Q1,0.292579241
2021Q2,0.196287503
2021Q3,0.250436798
2021Q4,0.307968369
2022Q1,0.476284604
2022Q2,0.236924538
2022Q3,0.178307291
